id;waga;cena;;;;;;;;;
1;3;79;;;;;;;;;
2;1;44;;;;;;;;;
3;3;23;;;;;;;;;
4;3;100;;;;;;;;;
5;1;80;;;;;;;;;
6;3;53;;;;;;;;;
7;3;46;;;;;;;;;
8;2;50;;;;;;;;;
9;4;28;;;;;;;;;
10;1;65;;;;;;;;;
11;4;65;;;;;;;;;
12;8;76;;;;;;;;;
13;8;20;;;;;;;;;
14;3;36;;;;;;;;;
15;4;89;;;;;;;;;
16;1;73;;;;;;;;;
17;9;25;;;;;;;;;
18;9;15;;;;;;;;;
19;10;45;;;;;;;;;
20;7;100;;;;;;;;;
21;8;39;;;;;;;;;
22;4;64;;;;;;;;;
23;10;99;;;;;;;;;
24;4;55;;;;;;;;;
25;5;93;;;;;;;;;
26;5;81;;;;;;;;;
27;8;7;;;;;;;;;
28;8;54;;;;;;;;;
29;3;95;;;;;;;;;
30;7;2;;;;;;;;;
31;6;5;;;;;;;;;
32;4;58;;;;;;;;;
33;9;29;;;;;;;;;
34;3;42;;;;;;;;;
35;5;99;;;;;;;;;
36;5;64;;;;;;;;;
37;3;23;;;;;;;;;
38;2;42;;;;;;;;;
39;8;16;;;;;;;;;
40;4;27;;;;;;;;;
41;10;65;;;;;;;;;
42;8;51;;;;;;;;;
43;2;55;;;;;;;;;
44;9;56;;;;;;;;;
45;10;40;;;;;;;;;
46;2;42;;;;;;;;;
47;8;25;;;;;;;;;
48;9;59;;;;;;;;;
49;10;80;;;;;;;;;
50;9;38;;;;;;;;;
51;8;99;;;;;;;;;
52;8;82;;;;;;;;;
53;9;42;;;;;;;;;
54;7;27;;;;;;;;;
55;4;95;;;;;;;;;
56;8;62;;;;;;;;;
57;8;96;;;;;;;;;
58;9;92;;;;;;;;;
59;5;55;;;;;;;;;
60;1;93;;;;;;;;;
61;4;79;;;;;;;;;
62;10;30;;;;;;;;;
63;3;100;;;;;;;;;
64;1;55;;;;;;;;;
65;5;36;;;;;;;;;
66;8;76;;;;;;;;;
67;4;17;;;;;;;;;
68;4;63;;;;;;;;;
69;7;70;;;;;;;;;
70;6;17;;;;;;;;;
71;4;79;;;;;;;;;
72;8;69;;;;;;;;;
73;6;24;;;;;;;;;
74;7;27;;;;;;;;;
75;5;11;;;;;;;;;
76;3;10;;;;;;;;;
77;8;48;;;;;;;;;
78;3;51;;;;;;;;;
79;3;91;;;;;;;;;
80;8;38;;;;;;;;;
81;4;3;;;;;;;;;
82;2;98;;;;;;;;;
83;4;3;;;;;;;;;
84;7;79;;;;;;;;;
85;3;63;;;;;;;;;
86;10;100;;;;;;;;;
87;2;11;;;;;;;;;
88;3;9;;;;;;;;;
89;5;78;;;;;;;;;
90;3;23;;;;;;;;;
91;6;39;;;;;;;;;
92;4;17;;;;;;;;;
93;8;65;;;;;;;;;
94;7;15;;;;;;;;;
95;8;3;;;;;;;;;
96;9;25;;;;;;;;;
97;6;37;;;;;;;;;
98;10;15;;;;;;;;;
99;5;18;;;;;;;;;
100;3;99;;;;;;;;;
101;8;91;;;;;;;;;
102;6;6;;;;;;;;;
103;8;99;;;;;;;;;
104;10;46;;;;;;;;;
105;2;87;;;;;;;;;
106;4;54;;;;;;;;;
107;8;6;;;;;;;;;
108;3;99;;;;;;;;;
109;2;75;;;;;;;;;
110;10;52;;;;;;;;;
111;2;79;;;;;;;;;
112;1;2;;;;;;;;;
113;9;63;;;;;;;;;
114;4;51;;;;;;;;;
115;4;52;;;;;;;;;
116;6;53;;;;;;;;;
117;4;94;;;;;;;;;
118;4;51;;;;;;;;;
119;6;18;;;;;;;;;
120;2;13;;;;;;;;;
121;9;38;;;;;;;;;
122;2;55;;;;;;;;;
123;10;22;;;;;;;;;
124;3;94;;;;;;;;;
125;4;95;;;;;;;;;
126;6;37;;;;;;;;;
127;6;96;;;;;;;;;
128;10;24;;;;;;;;;
129;9;15;;;;;;;;;
130;7;55;;;;;;;;;
131;1;55;;;;;;;;;
132;10;5;;;;;;;;;
133;7;77;;;;;;;;;
134;8;41;;;;;;;;;
135;1;16;;;;;;;;;
136;10;38;;;;;;;;;
137;10;81;;;;;;;;;
138;7;65;;;;;;;;;
139;4;59;;;;;;;;;
140;4;16;;;;;;;;;
141;8;70;;;;;;;;;
142;8;48;;;;;;;;;
143;10;50;;;;;;;;;
144;4;32;;;;;;;;;
145;5;5;;;;;;;;;
146;8;67;;;;;;;;;
147;3;52;;;;;;;;;
148;7;77;;;;;;;;;
149;1;98;;;;;;;;;
150;3;53;;;;;;;;;
151;9;7;;;;;;;;;
152;9;77;;;;;;;;;
153;3;73;;;;;;;;;
154;6;78;;;;;;;;;
155;9;30;;;;;;;;;
156;6;2;;;;;;;;;
157;7;24;;;;;;;;;
158;6;24;;;;;;;;;
159;2;4;;;;;;;;;
160;2;93;;;;;;;;;
161;1;37;;;;;;;;;
162;4;26;;;;;;;;;
163;2;87;;;;;;;;;
164;7;12;;;;;;;;;
165;2;95;;;;;;;;;
166;5;37;;;;;;;;;
167;5;47;;;;;;;;;
168;5;29;;;;;;;;;
169;2;82;;;;;;;;;
170;6;75;;;;;;;;;
171;5;24;;;;;;;;;
172;8;2;;;;;;;;;
173;3;69;;;;;;;;;
174;8;26;;;;;;;;;
175;10;54;;;;;;;;;
176;3;44;;;;;;;;;
177;5;84;;;;;;;;;
178;9;18;;;;;;;;;
179;10;11;;;;;;;;;
180;6;48;;;;;;;;;
181;3;49;;;;;;;;;
182;10;78;;;;;;;;;
183;7;29;;;;;;;;;
184;2;5;;;;;;;;;
185;1;4;;;;;;;;;
186;4;9;;;;;;;;;
187;3;43;;;;;;;;;
188;2;2;;;;;;;;;
189;8;59;;;;;;;;;
190;7;69;;;;;;;;;
191;1;9;;;;;;;;;
192;5;97;;;;;;;;;
193;8;99;;;;;;;;;
194;2;74;;;;;;;;;
195;5;80;;;;;;;;;
196;7;3;;;;;;;;;
197;6;69;;;;;;;;;
198;4;50;;;;;;;;;
199;3;7;;;;;;;;;
200;2;75;;;;;;;;;
201;3;20;;;;;;;;;
202;10;18;;;;;;;;;
203;7;26;;;;;;;;;
204;1;94;;;;;;;;;
205;10;48;;;;;;;;;
206;3;70;;;;;;;;;
207;1;50;;;;;;;;;
208;9;89;;;;;;;;;
209;2;97;;;;;;;;;
210;1;13;;;;;;;;;
211;2;14;;;;;;;;;
212;3;60;;;;;;;;;
213;8;26;;;;;;;;;
214;3;46;;;;;;;;;
215;9;64;;;;;;;;;
216;2;87;;;;;;;;;
217;7;98;;;;;;;;;
218;7;34;;;;;;;;;
219;6;18;;;;;;;;;
220;2;38;;;;;;;;;
221;9;32;;;;;;;;;
222;2;98;;;;;;;;;
223;9;10;;;;;;;;;
224;8;3;;;;;;;;;
225;10;41;;;;;;;;;
226;7;10;;;;;;;;;
227;7;12;;;;;;;;;
228;10;97;;;;;;;;;
229;8;22;;;;;;;;;
230;5;41;;;;;;;;;
231;5;61;;;;;;;;;
232;2;47;;;;;;;;;
233;1;34;;;;;;;;;
234;2;46;;;;;;;;;
235;1;41;;;;;;;;;
236;4;81;;;;;;;;;
237;7;11;;;;;;;;;
238;3;76;;;;;;;;;
239;2;50;;;;;;;;;
240;10;95;;;;;;;;;
241;9;72;;;;;;;;;
242;9;97;;;;;;;;;
243;8;21;;;;;;;;;
244;1;28;;;;;;;;;
245;6;13;;;;;;;;;
246;5;74;;;;;;;;;
247;8;32;;;;;;;;;
248;4;81;;;;;;;;;
249;1;5;;;;;;;;;
250;3;64;;;;;;;;;
251;6;31;;;;;;;;;
252;6;86;;;;;;;;;
253;5;48;;;;;;;;;
254;2;21;;;;;;;;;
255;7;65;;;;;;;;;
256;5;67;;;;;;;;;
257;7;56;;;;;;;;;
258;9;26;;;;;;;;;
259;6;62;;;;;;;;;
260;2;93;;;;;;;;;
261;2;45;;;;;;;;;
262;8;85;;;;;;;;;
263;7;80;;;;;;;;;
264;10;30;;;;;;;;;
265;4;62;;;;;;;;;
266;1;18;;;;;;;;;
267;7;15;;;;;;;;;
268;2;39;;;;;;;;;
269;8;38;;;;;;;;;
270;4;4;;;;;;;;;
271;1;49;;;;;;;;;
272;3;65;;;;;;;;;
273;1;11;;;;;;;;;
274;9;58;;;;;;;;;
275;9;7;;;;;;;;;
276;4;71;;;;;;;;;
277;3;69;;;;;;;;;
278;1;26;;;;;;;;;
279;2;36;;;;;;;;;
280;4;84;;;;;;;;;
281;2;86;;;;;;;;;
282;5;14;;;;;;;;;
283;5;41;;;;;;;;;
284;1;18;;;;;;;;;
285;8;71;;;;;;;;;
286;7;49;;;;;;;;;
287;10;97;;;;;;;;;
288;6;42;;;;;;;;;
289;3;57;;;;;;;;;
290;5;70;;;;;;;;;
291;9;48;;;;;;;;;
292;3;54;;;;;;;;;
293;2;36;;;;;;;;;
294;7;72;;;;;;;;;
295;4;7;;;;;;;;;
296;8;42;;;;;;;;;
297;7;47;;;;;;;;;
298;7;85;;;;;;;;;
299;1;3;;;;;;;;;
300;7;10;;;;;;;;;
301;3;57;;;;;;;;;
302;9;40;;;;;;;;;
303;1;54;;;;;;;;;
304;10;20;;;;;;;;;
305;1;57;;;;;;;;;
306;5;90;;;;;;;;;
307;9;83;;;;;;;;;
308;8;53;;;;;;;;;
309;9;32;;;;;;;;;
310;6;5;;;;;;;;;
311;9;72;;;;;;;;;
312;1;23;;;;;;;;;
313;5;79;;;;;;;;;
314;1;63;;;;;;;;;
315;3;43;;;;;;;;;
316;8;50;;;;;;;;;
317;6;25;;;;;;;;;
318;10;11;;;;;;;;;
319;5;63;;;;;;;;;
320;2;24;;;;;;;;;
321;10;17;;;;;;;;;
322;9;4;;;;;;;;;
323;7;20;;;;;;;;;
324;9;8;;;;;;;;;
325;1;3;;;;;;;;;
326;10;91;;;;;;;;;
327;1;15;;;;;;;;;
328;4;10;;;;;;;;;
329;1;37;;;;;;;;;
330;4;69;;;;;;;;;
331;3;54;;;;;;;;;
332;3;4;;;;;;;;;
333;5;41;;;;;;;;;
334;6;59;;;;;;;;;
335;1;62;;;;;;;;;
336;8;21;;;;;;;;;
337;10;19;;;;;;;;;
338;1;88;;;;;;;;;
339;4;99;;;;;;;;;
340;5;64;;;;;;;;;
341;6;90;;;;;;;;;
342;5;7;;;;;;;;;
343;6;97;;;;;;;;;
344;5;94;;;;;;;;;
345;5;27;;;;;;;;;
346;3;65;;;;;;;;;
347;3;70;;;;;;;;;
348;6;59;;;;;;;;;
349;7;3;;;;;;;;;
350;6;66;;;;;;;;;
351;6;4;;;;;;;;;
352;8;70;;;;;;;;;
353;3;46;;;;;;;;;
354;5;5;;;;;;;;;
355;5;3;;;;;;;;;
356;9;21;;;;;;;;;
357;6;34;;;;;;;;;
358;5;73;;;;;;;;;
359;9;50;;;;;;;;;
360;6;45;;;;;;;;;
361;2;70;;;;;;;;;
362;1;27;;;;;;;;;
363;9;12;;;;;;;;;
364;6;57;;;;;;;;;
365;5;24;;;;;;;;;
366;5;76;;;;;;;;;
367;7;63;;;;;;;;;
368;7;37;;;;;;;;;
369;8;79;;;;;;;;;
370;6;18;;;;;;;;;
371;9;5;;;;;;;;;
372;4;15;;;;;;;;;
373;3;15;;;;;;;;;
374;3;11;;;;;;;;;
375;1;97;;;;;;;;;
376;3;51;;;;;;;;;
377;1;61;;;;;;;;;
378;10;41;;;;;;;;;
379;6;24;;;;;;;;;
380;7;77;;;;;;;;;
381;4;86;;;;;;;;;
382;5;68;;;;;;;;;
383;7;92;;;;;;;;;
384;8;58;;;;;;;;;
385;5;35;;;;;;;;;
386;8;78;;;;;;;;;
387;10;64;;;;;;;;;
388;3;41;;;;;;;;;
389;8;80;;;;;;;;;
390;4;41;;;;;;;;;
391;10;15;;;;;;;;;
392;5;15;;;;;;;;;
393;7;66;;;;;;;;;
394;7;30;;;;;;;;;
395;5;47;;;;;;;;;
396;6;89;;;;;;;;;
397;5;93;;;;;;;;;
398;7;22;;;;;;;;;
399;5;42;;;;;;;;;
400;4;33;;;;;;;;;
401;5;24;;;;;;;;;
402;5;21;;;;;;;;;
403;4;32;;;;;;;;;
404;2;93;;;;;;;;;
405;2;44;;;;;;;;;
406;1;68;;;;;;;;;
407;5;99;;;;;;;;;
408;1;82;;;;;;;;;
409;8;53;;;;;;;;;
410;2;2;;;;;;;;;
411;4;32;;;;;;;;;
412;4;34;;;;;;;;;
413;6;41;;;;;;;;;
414;10;46;;;;;;;;;
415;1;35;;;;;;;;;
416;1;62;;;;;;;;;
417;5;97;;;;;;;;;
418;5;30;;;;;;;;;
419;7;16;;;;;;;;;
420;10;14;;;;;;;;;
421;5;11;;;;;;;;;
422;10;32;;;;;;;;;
423;10;26;;;;;;;;;
424;2;29;;;;;;;;;
425;1;35;;;;;;;;;
426;6;24;;;;;;;;;
427;2;95;;;;;;;;;
428;9;73;;;;;;;;;
429;4;29;;;;;;;;;
430;10;100;;;;;;;;;
431;3;27;;;;;;;;;
432;10;67;;;;;;;;;
433;1;4;;;;;;;;;
434;10;23;;;;;;;;;
435;6;57;;;;;;;;;
436;5;31;;;;;;;;;
437;10;100;;;;;;;;;
438;9;96;;;;;;;;;
439;6;46;;;;;;;;;
440;8;62;;;;;;;;;
441;3;73;;;;;;;;;
442;4;74;;;;;;;;;
443;3;100;;;;;;;;;
444;8;67;;;;;;;;;
445;10;76;;;;;;;;;
446;2;54;;;;;;;;;
447;1;80;;;;;;;;;
448;5;84;;;;;;;;;
449;7;37;;;;;;;;;
450;10;4;;;;;;;;;
451;4;96;;;;;;;;;
452;8;27;;;;;;;;;
453;10;51;;;;;;;;;
454;7;4;;;;;;;;;
455;5;51;;;;;;;;;
456;4;81;;;;;;;;;
457;9;82;;;;;;;;;
458;3;92;;;;;;;;;
459;5;19;;;;;;;;;
460;10;90;;;;;;;;;
461;9;35;;;;;;;;;
462;5;27;;;;;;;;;
463;8;97;;;;;;;;;
464;10;46;;;;;;;;;
465;6;60;;;;;;;;;
466;5;19;;;;;;;;;
467;3;29;;;;;;;;;
468;9;56;;;;;;;;;
469;9;97;;;;;;;;;
470;9;13;;;;;;;;;
471;4;62;;;;;;;;;
472;1;27;;;;;;;;;
473;10;73;;;;;;;;;
474;8;35;;;;;;;;;
475;7;68;;;;;;;;;
476;8;14;;;;;;;;;
477;10;14;;;;;;;;;
478;6;34;;;;;;;;;
479;1;83;;;;;;;;;
480;9;66;;;;;;;;;
481;7;47;;;;;;;;;
482;1;12;;;;;;;;;
483;1;52;;;;;;;;;
484;1;83;;;;;;;;;
485;10;10;;;;;;;;;
486;2;97;;;;;;;;;
487;8;42;;;;;;;;;
488;4;38;;;;;;;;;
489;2;79;;;;;;;;;
490;8;49;;;;;;;;;
491;10;45;;;;;;;;;
492;2;57;;;;;;;;;
493;1;58;;;;;;;;;
494;4;73;;;;;;;;;
495;8;20;;;;;;;;;
496;7;87;;;;;;;;;
497;1;33;;;;;;;;;
498;8;23;;;;;;;;;
499;7;22;;;;;;;;;
500;1;42;;;;;;;;;
501;1;72;;;;;;;;;
502;4;19;;;;;;;;;
503;8;59;;;;;;;;;
504;6;31;;;;;;;;;
505;10;90;;;;;;;;;
506;7;77;;;;;;;;;
507;4;33;;;;;;;;;
508;2;39;;;;;;;;;
509;8;97;;;;;;;;;
510;4;37;;;;;;;;;
511;9;15;;;;;;;;;
512;6;92;;;;;;;;;
513;9;71;;;;;;;;;
514;7;77;;;;;;;;;
515;2;14;;;;;;;;;
516;8;34;;;;;;;;;
517;9;1;;;;;;;;;
518;2;49;;;;;;;;;
519;6;89;;;;;;;;;
520;5;7;;;;;;;;;
521;7;67;;;;;;;;;
522;7;27;;;;;;;;;
523;10;16;;;;;;;;;
524;4;3;;;;;;;;;
525;6;56;;;;;;;;;
526;7;13;;;;;;;;;
527;8;100;;;;;;;;;
528;3;2;;;;;;;;;
529;10;16;;;;;;;;;
530;10;48;;;;;;;;;
531;7;40;;;;;;;;;
532;10;77;;;;;;;;;
533;7;2;;;;;;;;;
534;9;83;;;;;;;;;
535;7;30;;;;;;;;;
536;10;78;;;;;;;;;
537;7;27;;;;;;;;;
538;2;59;;;;;;;;;
539;3;50;;;;;;;;;
540;4;49;;;;;;;;;
541;4;44;;;;;;;;;
542;10;96;;;;;;;;;
543;6;29;;;;;;;;;
544;8;23;;;;;;;;;
545;9;22;;;;;;;;;
546;8;34;;;;;;;;;
547;2;63;;;;;;;;;
548;4;95;;;;;;;;;
549;6;27;;;;;;;;;
550;8;46;;;;;;;;;
551;2;15;;;;;;;;;
552;8;1;;;;;;;;;
553;6;78;;;;;;;;;
554;1;42;;;;;;;;;
555;2;1;;;;;;;;;
556;1;41;;;;;;;;;
557;3;93;;;;;;;;;
558;3;57;;;;;;;;;
559;7;29;;;;;;;;;
560;4;48;;;;;;;;;
561;2;40;;;;;;;;;
562;9;98;;;;;;;;;
563;3;98;;;;;;;;;
564;9;36;;;;;;;;;
565;10;80;;;;;;;;;
566;7;13;;;;;;;;;
567;2;33;;;;;;;;;
568;1;61;;;;;;;;;
569;8;84;;;;;;;;;
570;6;39;;;;;;;;;
571;4;36;;;;;;;;;
572;6;77;;;;;;;;;
573;1;43;;;;;;;;;
574;5;99;;;;;;;;;
575;10;87;;;;;;;;;
576;3;98;;;;;;;;;
577;3;51;;;;;;;;;
578;4;2;;;;;;;;;
579;5;98;;;;;;;;;
580;2;32;;;;;;;;;
581;7;67;;;;;;;;;
582;9;18;;;;;;;;;
583;4;60;;;;;;;;;
584;4;96;;;;;;;;;
585;7;70;;;;;;;;;
586;8;90;;;;;;;;;
587;5;34;;;;;;;;;
588;2;20;;;;;;;;;
589;5;74;;;;;;;;;
590;2;4;;;;;;;;;
591;1;69;;;;;;;;;
592;10;15;;;;;;;;;
593;4;14;;;;;;;;;
594;4;17;;;;;;;;;
595;8;82;;;;;;;;;
596;9;30;;;;;;;;;
597;6;100;;;;;;;;;
598;6;57;;;;;;;;;
599;8;22;;;;;;;;;
600;2;44;;;;;;;;;
601;1;27;;;;;;;;;
602;3;79;;;;;;;;;
603;1;70;;;;;;;;;
604;6;90;;;;;;;;;
605;2;1;;;;;;;;;
606;1;98;;;;;;;;;
607;3;95;;;;;;;;;
608;6;82;;;;;;;;;
609;10;63;;;;;;;;;
610;6;37;;;;;;;;;
611;4;6;;;;;;;;;
612;1;62;;;;;;;;;
613;4;48;;;;;;;;;
614;7;81;;;;;;;;;
615;7;62;;;;;;;;;
616;1;66;;;;;;;;;
617;7;14;;;;;;;;;
618;1;86;;;;;;;;;
619;2;79;;;;;;;;;
620;3;16;;;;;;;;;
621;3;37;;;;;;;;;
622;2;47;;;;;;;;;
623;9;95;;;;;;;;;
624;6;75;;;;;;;;;
625;5;22;;;;;;;;;
626;9;28;;;;;;;;;
627;2;7;;;;;;;;;
628;9;97;;;;;;;;;
629;7;74;;;;;;;;;
630;10;65;;;;;;;;;
631;9;5;;;;;;;;;
632;10;12;;;;;;;;;
633;6;24;;;;;;;;;
634;2;70;;;;;;;;;
635;6;22;;;;;;;;;
636;8;42;;;;;;;;;
637;10;69;;;;;;;;;
638;8;21;;;;;;;;;
639;7;58;;;;;;;;;
640;5;28;;;;;;;;;
641;1;46;;;;;;;;;
642;8;8;;;;;;;;;
643;7;49;;;;;;;;;
644;7;4;;;;;;;;;
645;10;20;;;;;;;;;
646;6;9;;;;;;;;;
647;4;51;;;;;;;;;
648;5;96;;;;;;;;;
649;2;60;;;;;;;;;
650;10;62;;;;;;;;;
651;9;70;;;;;;;;;
652;2;67;;;;;;;;;
653;9;33;;;;;;;;;
654;2;64;;;;;;;;;
655;5;23;;;;;;;;;
656;10;41;;;;;;;;;
657;7;84;;;;;;;;;
658;2;36;;;;;;;;;
659;2;24;;;;;;;;;
660;10;78;;;;;;;;;
661;1;93;;;;;;;;;
662;2;52;;;;;;;;;
663;2;18;;;;;;;;;
664;5;93;;;;;;;;;
665;4;75;;;;;;;;;
666;10;96;;;;;;;;;
667;7;14;;;;;;;;;
668;1;64;;;;;;;;;
669;9;30;;;;;;;;;
670;3;12;;;;;;;;;
671;5;22;;;;;;;;;
672;4;66;;;;;;;;;
673;8;93;;;;;;;;;
674;8;38;;;;;;;;;
675;10;98;;;;;;;;;
676;1;95;;;;;;;;;
677;4;43;;;;;;;;;
678;8;5;;;;;;;;;
679;1;44;;;;;;;;;
680;1;77;;;;;;;;;
681;9;100;;;;;;;;;
682;4;33;;;;;;;;;
683;8;53;;;;;;;;;
684;10;18;;;;;;;;;
685;7;17;;;;;;;;;
686;7;57;;;;;;;;;
687;2;49;;;;;;;;;
688;7;84;;;;;;;;;
689;3;95;;;;;;;;;
690;10;8;;;;;;;;;
691;4;12;;;;;;;;;
692;1;61;;;;;;;;;
693;7;20;;;;;;;;;
694;3;92;;;;;;;;;
695;6;38;;;;;;;;;
696;1;84;;;;;;;;;
697;5;73;;;;;;;;;
698;4;35;;;;;;;;;
699;10;50;;;;;;;;;
700;9;81;;;;;;;;;
701;7;46;;;;;;;;;
702;5;89;;;;;;;;;
703;3;11;;;;;;;;;
704;5;68;;;;;;;;;
705;3;82;;;;;;;;;
706;5;69;;;;;;;;;
707;4;90;;;;;;;;;
708;7;62;;;;;;;;;
709;10;1;;;;;;;;;
710;7;97;;;;;;;;;
711;4;87;;;;;;;;;
712;3;32;;;;;;;;;
713;4;40;;;;;;;;;
714;3;91;;;;;;;;;
715;1;90;;;;;;;;;
716;1;66;;;;;;;;;
717;2;8;;;;;;;;;
718;3;43;;;;;;;;;
719;2;5;;;;;;;;;
720;1;95;;;;;;;;;
721;8;30;;;;;;;;;
722;5;71;;;;;;;;;
723;2;51;;;;;;;;;
724;10;21;;;;;;;;;
725;2;93;;;;;;;;;
726;3;68;;;;;;;;;
727;2;42;;;;;;;;;
728;4;42;;;;;;;;;
729;2;22;;;;;;;;;
730;4;76;;;;;;;;;
731;8;40;;;;;;;;;
732;6;50;;;;;;;;;
733;3;68;;;;;;;;;
734;9;5;;;;;;;;;
735;5;26;;;;;;;;;
736;2;10;;;;;;;;;
737;9;11;;;;;;;;;
738;4;68;;;;;;;;;
739;6;88;;;;;;;;;
740;1;89;;;;;;;;;
741;2;39;;;;;;;;;
742;3;65;;;;;;;;;
743;3;27;;;;;;;;;
744;3;92;;;;;;;;;
745;1;60;;;;;;;;;
746;10;88;;;;;;;;;
747;4;97;;;;;;;;;
748;6;14;;;;;;;;;
749;7;30;;;;;;;;;
750;3;83;;;;;;;;;
751;3;34;;;;;;;;;
752;6;48;;;;;;;;;
753;5;93;;;;;;;;;
754;9;27;;;;;;;;;
755;7;3;;;;;;;;;
756;2;41;;;;;;;;;
757;1;76;;;;;;;;;
758;4;97;;;;;;;;;
759;2;68;;;;;;;;;
760;8;76;;;;;;;;;
761;7;49;;;;;;;;;
762;9;48;;;;;;;;;
763;7;30;;;;;;;;;
764;4;70;;;;;;;;;
765;3;86;;;;;;;;;
766;9;10;;;;;;;;;
767;6;79;;;;;;;;;
768;7;57;;;;;;;;;
769;4;77;;;;;;;;;
770;8;47;;;;;;;;;
771;9;87;;;;;;;;;
772;5;29;;;;;;;;;
773;10;44;;;;;;;;;
774;9;58;;;;;;;;;
775;5;25;;;;;;;;;
776;5;15;;;;;;;;;
777;2;7;;;;;;;;;
778;8;75;;;;;;;;;
779;6;65;;;;;;;;;
780;6;87;;;;;;;;;
781;1;50;;;;;;;;;
782;1;23;;;;;;;;;
783;8;29;;;;;;;;;
784;6;54;;;;;;;;;
785;5;1;;;;;;;;;
786;6;26;;;;;;;;;
787;1;89;;;;;;;;;
788;8;44;;;;;;;;;
789;3;93;;;;;;;;;
790;2;92;;;;;;;;;
791;9;37;;;;;;;;;
792;7;17;;;;;;;;;
793;10;82;;;;;;;;;
794;10;14;;;;;;;;;
795;6;18;;;;;;;;;
796;2;30;;;;;;;;;
797;5;15;;;;;;;;;
798;9;28;;;;;;;;;
799;4;20;;;;;;;;;
800;1;46;;;;;;;;;
801;7;28;;;;;;;;;
802;10;92;;;;;;;;;
803;3;48;;;;;;;;;
804;1;68;;;;;;;;;
805;3;99;;;;;;;;;
806;3;13;;;;;;;;;
807;5;67;;;;;;;;;
808;2;69;;;;;;;;;
809;10;57;;;;;;;;;
810;7;70;;;;;;;;;
811;4;76;;;;;;;;;
812;10;84;;;;;;;;;
813;4;79;;;;;;;;;
814;3;97;;;;;;;;;
815;8;33;;;;;;;;;
816;10;32;;;;;;;;;
817;4;44;;;;;;;;;
818;7;97;;;;;;;;;
819;5;91;;;;;;;;;
820;3;64;;;;;;;;;
821;4;57;;;;;;;;;
822;1;35;;;;;;;;;
823;2;69;;;;;;;;;
824;8;78;;;;;;;;;
825;7;34;;;;;;;;;
826;8;64;;;;;;;;;
827;10;57;;;;;;;;;
828;4;63;;;;;;;;;
829;9;31;;;;;;;;;
830;10;44;;;;;;;;;
831;7;37;;;;;;;;;
832;7;51;;;;;;;;;
833;9;73;;;;;;;;;
834;2;12;;;;;;;;;
835;2;69;;;;;;;;;
836;9;41;;;;;;;;;
837;9;79;;;;;;;;;
838;9;52;;;;;;;;;
839;5;72;;;;;;;;;
840;3;87;;;;;;;;;
841;3;16;;;;;;;;;
842;7;44;;;;;;;;;
843;4;89;;;;;;;;;
844;5;82;;;;;;;;;
845;10;25;;;;;;;;;
846;2;20;;;;;;;;;
847;2;85;;;;;;;;;
848;10;44;;;;;;;;;
849;3;61;;;;;;;;;
850;8;49;;;;;;;;;
851;1;13;;;;;;;;;
852;1;84;;;;;;;;;
853;8;82;;;;;;;;;
854;5;1;;;;;;;;;
855;5;1;;;;;;;;;
856;9;72;;;;;;;;;
857;5;60;;;;;;;;;
858;9;81;;;;;;;;;
859;2;28;;;;;;;;;
860;3;18;;;;;;;;;
861;3;92;;;;;;;;;
862;8;62;;;;;;;;;
863;9;63;;;;;;;;;
864;6;45;;;;;;;;;
865;5;59;;;;;;;;;
866;6;86;;;;;;;;;
867;9;63;;;;;;;;;
868;4;78;;;;;;;;;
869;7;68;;;;;;;;;
870;4;21;;;;;;;;;
871;7;34;;;;;;;;;
872;3;80;;;;;;;;;
873;8;56;;;;;;;;;
874;10;40;;;;;;;;;
875;10;49;;;;;;;;;
876;8;77;;;;;;;;;
877;10;100;;;;;;;;;
878;8;9;;;;;;;;;
879;6;54;;;;;;;;;
880;9;9;;;;;;;;;
881;8;76;;;;;;;;;
882;9;80;;;;;;;;;
883;7;65;;;;;;;;;
884;1;78;;;;;;;;;
885;8;100;;;;;;;;;
886;3;84;;;;;;;;;
887;1;50;;;;;;;;;
888;4;10;;;;;;;;;
889;8;54;;;;;;;;;
890;6;93;;;;;;;;;
891;9;11;;;;;;;;;
892;1;85;;;;;;;;;
893;6;42;;;;;;;;;
894;7;98;;;;;;;;;
895;9;72;;;;;;;;;
896;1;21;;;;;;;;;
897;1;89;;;;;;;;;
898;2;14;;;;;;;;;
899;8;84;;;;;;;;;
900;4;16;;;;;;;;;
901;4;50;;;;;;;;;
902;9;45;;;;;;;;;
903;3;46;;;;;;;;;
904;6;35;;;;;;;;;
905;2;77;;;;;;;;;
906;6;67;;;;;;;;;
907;6;37;;;;;;;;;
908;1;33;;;;;;;;;
909;2;90;;;;;;;;;
910;3;63;;;;;;;;;
911;10;53;;;;;;;;;
912;1;24;;;;;;;;;
913;6;30;;;;;;;;;
914;4;82;;;;;;;;;
915;2;80;;;;;;;;;
916;6;78;;;;;;;;;
917;8;83;;;;;;;;;
918;3;62;;;;;;;;;
919;3;64;;;;;;;;;
920;5;15;;;;;;;;;
921;3;100;;;;;;;;;
922;10;35;;;;;;;;;
923;10;58;;;;;;;;;
924;7;14;;;;;;;;;
925;10;79;;;;;;;;;
926;8;85;;;;;;;;;
927;9;7;;;;;;;;;
928;6;15;;;;;;;;;
929;3;30;;;;;;;;;
930;10;57;;;;;;;;;
931;5;62;;;;;;;;;
932;8;74;;;;;;;;;
933;9;96;;;;;;;;;
934;5;21;;;;;;;;;
935;9;7;;;;;;;;;
936;8;41;;;;;;;;;
937;1;83;;;;;;;;;
938;7;6;;;;;;;;;
939;6;74;;;;;;;;;
940;5;54;;;;;;;;;
941;7;31;;;;;;;;;
942;6;48;;;;;;;;;
943;9;99;;;;;;;;;
944;1;68;;;;;;;;;
945;1;11;;;;;;;;;
946;9;9;;;;;;;;;
947;9;57;;;;;;;;;
948;4;20;;;;;;;;;
949;7;62;;;;;;;;;
950;6;82;;;;;;;;;
951;8;31;;;;;;;;;
952;6;14;;;;;;;;;
953;5;89;;;;;;;;;
954;8;31;;;;;;;;;
955;7;54;;;;;;;;;
956;2;67;;;;;;;;;
957;10;91;;;;;;;;;
958;4;49;;;;;;;;;
959;5;58;;;;;;;;;
960;2;83;;;;;;;;;
961;9;3;;;;;;;;;
962;7;39;;;;;;;;;
963;1;45;;;;;;;;;
964;2;70;;;;;;;;;
965;2;66;;;;;;;;;
966;10;29;;;;;;;;;
967;9;22;;;;;;;;;
968;10;14;;;;;;;;;
969;10;86;;;;;;;;;
970;1;15;;;;;;;;;
971;1;3;;;;;;;;;
972;6;31;;;;;;;;;
973;9;9;;;;;;;;;
974;3;22;;;;;;;;;
975;6;7;;;;;;;;;
976;9;53;;;;;;;;;
977;9;76;;;;;;;;;
978;10;89;;;;;;;;;
979;7;50;;;;;;;;;
980;7;90;;;;;;;;;
981;8;67;;;;;;;;;
982;6;69;;;;;;;;;
983;8;81;;;;;;;;;
984;3;5;;;;;;;;;
985;8;43;;;;;;;;;
986;10;69;;;;;;;;;
987;7;11;;;;;;;;;
988;2;45;;;;;;;;;
989;9;2;;;;;;;;;
990;3;76;;;;;;;;;
991;3;94;;;;;;;;;
992;2;57;;;;;;;;;
993;5;3;;;;;;;;;
994;4;24;;;;;;;;;
995;5;45;;;;;;;;;
996;7;26;;;;;;;;;
997;3;38;;;;;;;;;
998;6;58;;;;;;;;;
999;3;13;;;;;;;;;
1000;4;8;;;;;;;;;
